Week,Date,Game,Pick,Line,Our Spread,Gap,Tier,Final Score,ATS Result,Units
3,2026-09-24,ATL@GB,ATL,+5.5,GB -2.4,3.1,Lean,"ATL 35, GB 14",W,1
3,2026-09-27,SEA@WAS,No side (no play),SEA -7,SEA -6.0,1.0,Pass,,n/a,
3,2026-09-27,CIN@PIT,PIT,+3.5,CIN -1.0,2.5,Best Bet,,pending,
3,2026-09-27,NYJ@DET,DET,-6.5,DET -7.8,1.3,Lean,,pending,
3,2026-09-27,TEN@NYG,No side (no play),NYG -2.5,NYG -2.8,0.3,Pass,,n/a,
3,2026-09-27,NE@JAX,No side (no play),JAX -3,JAX -2.2,0.8,Pass,,n/a,
3,2026-09-27,KC@MIA,MIA,+11.5,KC -9.2,2.3,Lean,,pending,
3,2026-09-27,HOU@IND,No side (no play),HOU -2.5,HOU -2.1,0.4,Pass,,n/a,
3,2026-09-27,CAR@CLE,No side (no play),CAR -2.5,CAR -1.8,0.7,Pass,,n/a,
3,2026-09-27,LAC@BUF,No side (no play),BUF -7.5,BUF -6.8,0.7,Pass,,n/a,
3,2026-09-27,MIN@TB,TB,+1.5,MIN -0.4,1.1,Lean,,pending,
3,2026-09-27,ARI@SF,SF,-8.5,SF -9.9,1.4,Lean,,pending,
3,2026-09-27,LV@NO,No side (no play),NO -3,NO -3.4,0.4,Pass,,n/a,
3,2026-09-27,BAL@DAL (Brazil),No side (no play),BAL -3.5,BAL -6.3,2.8,Pass,,n/a,
3,2026-09-27,LAR@DEN,DEN,+2.5,LAR -0.7,1.8,Best Bet,,pending,
3,2026-09-28,PHI@CHI,CHI,+4.5,PHI -2.0,2.5,Best Bet,,pending,
